Compound_code	Metabolite_name	Indegree	Outdegree
C05528	3-Sulfopyruvate	1	0
C05527	3-Sulfinylpyruvate	1	1
C02876	Propanoyl_phosphate	3	2
C20359	UDP-2-acetamido-3-amino-2,3-dideoxy-alpha-D-glucuronate	0	1
C00149	(S)-Malate	1	10
C00944	3-Dehydroquinate	4	8
C02430	L-Methionyl-tRNA	1	1
C04332	6,7-Dimethyl-8-(D-ribityl)lumazine	2	2
C14819	Fe3+	1	0
C14818	Fe2+	0	1
C00430	5-Aminolevulinate	1	5
C00436	N-Carbamoylputrescine	2	2
C00437	N-Acetylornithine	4	5
C01024	Hydroxymethylbilane	3	3
C00826	L-Arogenate	0	1
C00534	Pyridoxamine	1	1
C06126	Digalactosylceramide	0	2
C04877	UDP-N-acetylmuramoyl-L-alanyl-D-gamma-glutamyl-meso-2,6-diaminopimelate	2	2
C04874	2-Amino-4-hydroxy-6-(D-erythro-1,2,3-trihydroxypropyl)-7,8-dihydropteridine	0	2
C01185	Nicotinate_D-ribonucleotide	3	6
C01187	3-Deoxy-D-manno-octulosonate	2	2
C00491	L-Cystine	0	1
C15812	[Enzyme]-S-sulfanylcysteine	1	1
C15813	C15813	2	2
C15810	C15810	1	1
C15811	[Enzyme]-cysteine	0	1
C15814	C15814	2	2
C15815	C15815	1	2
C05796	Galactan	0	2
C03294	N-Formylmethionyl-tRNA	1	0
C05791	D-Urobilinogen	1	0
C00794	D-Sorbitol	2	2
C00793	D-Cysteine	0	1
C00791	Creatinine	0	1
C00506	L-Cysteate	0	1
C11538	Cobalt-sirohydrochlorin	2	2
C01233	sn-Glycero-3-phosphoethanolamine	0	1
C00942	3',5'-Cyclic_GMP	1	0
C00224	Adenylyl_sulfate	12	6
C01236	D-Glucono-1,5-lactone_6-phosphate	0	5
C00221	beta-D-Glucose	11	3
C00385	Xanthine	8	4
C00387	Guanosine	4	4
C02504	alpha-Isopropylmalate	4	12
C00229	Acyl-carrier_protein	1	2
C02528	Chenodeoxycholate	2	0
C00881	Deoxycytidine	2	1
C16396	2,4-Diamino-6-nitrotoluene	0	10
C14463	(R)-3-Hydroxy-3-methyl-2-oxopentanoate	7	1
C00546	Methylglyoxal	2	0
C16399	2,4-Diamino-6-hydroxylaminotoluene	10	0
C16217	3-Hydroxyoctadecanoyl-CoA	2	0
C05839	cis-beta-D-Glucosyl-2-hydroxycinnamate	0	4
C05838	cis-2-Hydroxycinnamate	4	0
C00364	dTMP	5	2
C00365	dUMP	6	4
C00362	dGMP	4	3
C00360	dAMP	1	5
C00008	ADP	7	2
C05831	3-Methoxyanthranilate	1	0
C05830	8-Methoxykynurenate	1	0
C00005	NADPH	1	0
C00003	NAD+	3	3
C00002	ATP	1	15
C00369	Starch	2	7
C05703	Methaneselenol	1	0
C03589	4-Hydroxy-2-oxopentanoate	3	4
C01412	Butanal	0	2
C16619	6-Thioguanosine_monophosphate	2	0
C16618	6-Thioxanthine_5'-monophosphate	1	1
C02612	(R)-2-Methylmalate	0	10
C04652	UDP-2,3-bis(3-hydroxytetradecanoyl)glucosamine	1	1
C03741	(S)-4-Amino-5-oxopentanoate	2	1
C16614	6-Methylmercaptopurine	0	1
C03742	(S)-4-Hydroxymandelonitrile	2	0
C00645	N-Acetyl-D-mannosamine	4	1
C00099	beta-Alanine	4	4
C00311	Isocitrate	8	14
C00310	D-Xylulose	0	2
C00641	1,2-Diacyl-sn-glycerol	1	3
C01931	L-Lysyl-tRNA	2	0
C00315	Spermidine	4	4
C00314	Pyridoxine	0	2
C00763	D-Proline	2	0
C00092	D-Glucose_6-phosphate	5	0
C00093	sn-Glycerol_3-phosphate	3	11
C00094	Sulfite	3	0
C00095	D-Fructose	6	4
C00096	GDP-mannose	4	7
C00097	L-Cysteine	14	6
C04633	(3R)-3-Hydroxypalmitoyl-[acyl-carrier_protein]	2	4
C07335	2-Amino-3-oxo-4-phosphonooxybutyrate	2	2
C15667	5-Carboxyamino-1-(5-phospho-D-ribosyl)imidazole	0	3
C00077	L-Ornithine	4	4
C06196	2'-Deoxyinosine_5'-phosphate	1	0
C04732	5-Amino-6-(1-D-ribitylamino)uracil	1	2
C04734	1-(5'-Phosphoribosyl)-5-formamido-4-imidazolecarboxamide	5	1
C17401	Cobalt-factor_III	2	0
C11948	2,6-Dimethyl-5-methylene-3-oxo-heptanoyl-CoA	0	1
C11949	3-Isopropylbut-3-enoyl-CoA	1	0
C00184	Glycerone	1	11
C06199	Hordenine	1	0
C05774	Cobinamide	0	1
C07118	Benzoyl_acetyl-CoA	0	3
C05773	Cobyrinate	0	2
C05686	Adenylylselenate	2	0
C14762	13(S)-HODE	0	1
C02470	Xanthurenic_acid	0	1
C05778	Sirohydrochlorin	8	6
C00166	Phenylpyruvate	10	9
C00167	UDP-glucuronate	6	0
C00160	Glycolate	8	2
C00180	Benzoate	2	0
C00162	Fatty_acid	2	0
C00163	Propanoate	0	1
C02984	L-Aspartyl-tRNA(Asp)	2	0
C02985	L-Fucose_1-phosphate	2	1
C02987	L-Glutamyl-tRNA(Glu)	4	0
C19878	D-glycero-alpha-D-manno-Heptose_7-phosphate	1	0
C00438	N-Carbamoyl-L-aspartate	6	2
C02047	L-Leucyl-tRNA	1	0
C03082	4-Phospho-L-aspartate	10	6
C20251	1-Keto-D-chiro-inositol	2	0
C04377	5,10-Methylenetetrahydromethanopterin	2	0
C04376	5'-Phosphoribosyl-N-formylglycinamide	3	3
C20258	(2S,4S)-4-Hydroxy-2,3,4,5-tetrahydrodipicolinate	7	8
C03089	5-Methylthio-D-ribose	1	1
C00861	L-Rhamnulose	1	1
C00860	L-Histidinol	4	4
C02962	D-Allose_6-phosphate	2	2
C00864	Pantothenate	4	4
C04272	(R)-2,3-Dihydroxy-3-methylbutanoate	1	8
C01380	Ethylene_glycol	0	2
C01419	Cys-Gly	0	4
C01144	(S)-3-Hydroxybutanoyl-CoA	10	7
C01146	2-Hydroxy-3-oxopropanoate	4	0
C04421	N-Succinyl-LL-2,6-diaminoheptanedioate	2	6
C06041	Glycerophosphoglycoglycerolipid	2	0
C06040	Diglucosyl-diacylglycerol	2	2
C08325	Amygdalin	0	2
C03402	L-Asparaginyl-tRNA(Asn)	1	3
C17962	Demethylphosphinothricin	0	2
C03406	N-(L-Arginino)succinate	5	5
C05512	Deoxyinosine	4	2
C04181	3-Hydroxy-3-methyl-2-oxobutanoic_acid	7	1
C07648	Thioguanine	0	1
C07649	5-FU	0	1
C04188	S-Methyl-5-thio-D-ribose_1-phosphate	0	2
C05519	L-Allothreonine	1	1
C01962	Thiocysteine	1	0
C00692	UDP-N-acetylmuramoyl-L-alanyl-D-glutamate	3	1
C00691	2,4,6/3,5-Pentahydroxycyclohexanone	5	3
C02463	Precorrin_2	6	8
C07836	D-glycero-beta-D-manno-Heptose_7-phosphate	1	1
C00695	Cholic_acid	4	0
C18096	D-Allulose_6-phosphate	2	2
C00269	CDP-diacylglycerol	4	5
C00501	CDP-glucose	4	2
C16219	3-Oxostearoyl-[acp]	3	3
C00507	L-Rhamnose	0	1
C18259	1-Methoxypyrene	2	0
C00263	L-Homoserine	4	19
C00262	Hypoxanthine	8	2
C00508	L-Ribulose	2	0
C16216	3-Oxostearoyl-CoA	0	2
C00267	alpha-D-Glucose	14	12
C00266	Glycolaldehyde	4	0
C04494	Guanosine_3'-diphosphate_5'-triphosphate	1	1
C06128	GM4	0	1
C06762	4-Hydroxy-2-oxohexanoic_acid	2	2
C00464	Mannan	1	0
C00460	dUTP	2	4
C00463	Indole	12	9
C03319	dTDP-6-deoxy-L-mannose	2	2
C00328	L-Kynurenine	1	1
C00286	dGTP	4	18
C00283	Hydrogen_sulfide	0	6
C00407	L-Isoleucine	3	5
C00327	L-Citrulline	4	4
C00325	GDP-L-fucose	2	1
C02798	3-Phosphonopyruvate	4	4
C00063	CTP	4	11
C00088	Nitrite	1	1
C04691	2-Dehydro-3-deoxy-D-arabino-heptonate_7-phosphate	4	4
C01563	Carbamate	1	0
C04051	5-Amino-4-imidazolecarboxyamide	1	0
C04053	5-Dehydro-4-deoxy-D-glucuronate	0	1
C03785	D-Tagatose_1,6-bisphosphate	8	2
C18026	(2S)-Ethylmalonyl-CoA	0	2
C05946	D-4-Hydroxy-2-oxoglutarate	4	4
C06506	Adenosyl_cobyrinate_a,c_diamide	2	0
C01209	Malonyl-[acyl-carrier_protein]	2	24
C02492	1,4-beta-D-Mannan	1	1
C00217	D-Glutamate	2	1
C00214	Thymidine	3	3
C00844	Prunasin	2	4
C00212	Adenosine	5	7
C16688	Sucrose_6-phosphate	1	1
C00606	3-Sulfino-L-alanine	1	1
C05840	Iminoaspartate	2	2
C00037	Glycine	14	10
C11907	4,6-Dideoxy-4-oxo-dTDP-D-glucose	5	4
C00033	Acetate	5	6
C00031	D-Glucose	4	4
C00137	myo-Inositol	12	5
C00136	Butanoyl-CoA	3	8
C00135	L-Histidine	4	2
C00134	Putrescine	5	4
C00133	D-Alanine	2	3
C00131	dATP	10	10
C00130	IMP	3	12
C05636	3-Hydroxykynurenamine	1	0
C00668	alpha-D-Glucose_6-phosphate	17	13
C05947	L-erythro-4-Hydroxyglutamate	1	1
C06508	Adenosyl_cobinamide	3	0
C06509	Adenosyl_cobinamide_phosphate	2	0
C00043	UDP-N-acetyl-alpha-D-glucosamine	5	10
C00042	Succinate	2	11
C00041	L-Alanine	2	6
C00040	Acyl-CoA	0	7
C00047	L-Lysine	7	9
C00046	RNA	28	8
C00044	GTP	5	18
C00049	L-Aspartate	12	34
C00048	Glyoxylate	6	4
C06481	L-Seryl-tRNA(Sec)	1	0
C20440	alpha-D-Ribose_1,2-cyclic_phosphate_5-phosphate	0	1
C04236	(2S)-2-Isopropyl-3-oxosuccinate	4	0
C01101	L-Ribulose_5-phosphate	0	4
C04454	5-Amino-6-(5'-phospho-D-ribitylamino)uracil	2	0
C01103	Orotidine_5'-phosphate	1	3
C01102	O-Phospho-L-homoserine	4	4
C02888	Sorbose_1-phosphate	1	0
C03033	beta-D-Glucuronoside	0	3
C05125	2-(alpha-Hydroxyethyl)thiamine_diphosphate	10	2
C05122	Taurocholate	0	2
C05648	5-Hydroxy-N-formylkynurenine	0	1
C03684	6-Pyruvoyltetrahydropterin	2	0
C03688	Apo-[acyl-carrier-protein]	0	1
C06007	(R)-2,3-Dihydroxy-3-methylpentanoate	1	8
C06006	(S)-2-Aceto-2-hydroxybutanoate	10	4
C00227	Acetyl_phosphate	20	4
C16565	Aminopropylcadaverine	1	0
C00957	Mercaptopyruvate	1	2
C04302	N-(5-Phospho-D-ribosyl)anthranilate	2	6
C05345	beta-D-Fructose_6-phosphate	25	19
C04900	Luteolin_7-O-[beta-D-glucuronosyl-(1->2)-beta-D-glucuronide]-4'-O-beta-D-glucuronide	0	1
C00422	Triacylglycerol	1	1
C01235	alpha-D-Galactosyl-(1->3)-1D-myo-inositol	0	2
C01037	7,8-Diaminononanoate	3	1
C00817	D-Altronate	3	1
C03451	(R)-S-Lactoylglutathione	0	1
C01672	Cadaverine	4	1
C00036	Oxaloacetate	11	19
C05223	Dodecanoyl-[acyl-carrier_protein]	3	3
C05466	Glycochenodeoxycholate	0	1
C05841	Nicotinate_D-ribonucleoside	2	2
C15809	Iminoglycine	0	1
C00380	Cytosine	1	1
C05787	Bilirubin_beta-diglucuronide	0	1
C03912	(S)-1-Pyrroline-5-carboxylate	4	4
C00035	GDP	4	1
C00252	Isomaltose	0	1
C00253	Nicotinate	4	0
C00250	Pyridoxal	0	2
C00251	Chorismate	5	24
C00256	(R)-Lactate	0	1
C00257	D-Gluconic_acid	0	5
C05338	4-Hydroxyphenylacetyl-CoA	0	1
C00255	Riboflavin	2	2
C05336	Selenomethionyl-tRNA(Met)	1	0
C00258	D-Glycerate	8	18
C00259	L-Arabinose	2	2
C11376	SN38_glucuronide	0	1
C01081	Thiamin_monophosphate	2	0
C01083	alpha,alpha-Trehalose	3	0
C00559	Deoxyadenosine	6	4
C00558	D-Tagaturonate	2	2
C00492	Raffinose	2	3
C00493	Shikimate	3	5
C00886	L-Alanyl-tRNA	1	0
C00498	ADP-glucose	4	3
C00882	Dephospho-CoA	2	2
C11173	SN-38	1	0
C00078	L-Tryptophan	24	1
C00079	L-Phenylalanine	9	8
C00072	Ascorbate	0	3
C00073	L-Methionine	8	4
C02282	Glutaminyl-tRNA	1	7
C00074	Phosphoenolpyruvate	19	17
C00075	UTP	2	13
C16186	L-Ascorbate_6-phosphate	3	0
C00085	D-Fructose_6-phosphate	5	7
C02352	1,4-beta-D-Xylan	0	3
C00083	Malonyl-CoA	11	2
C00082	L-Tyrosine	4	16
C00081	ITP	0	1
C00080	H+	2	0
C04640	2-(Formamido)-N1-(5'-phosphoribosyl)acetamidine	3	3
C05762	3-Oxohexadecanoyl-[acp]	4	2
C00089	Sucrose	2	9
C04646	6-Thioinosine-5'-monophosphate	1	1
C00670	sn-Glycero-3-phosphocholine	0	1
C00671	(S)-3-Methyl-2-oxopentanoic_acid	9	3
C00672	2-Deoxy-D-ribose_1-phosphate	1	1
C00673	2-Deoxy-D-ribose_5-phosphate	2	1
C01250	N-Acetyl-L-glutamate_5-semialdehyde	5	5
C01929	L-Histidinal	3	3
C01885	1-Acylglycerol	2	0
C00106	Uracil	11	2
C00105	UMP	17	15
C00103	D-Glucose_1-phosphate	8	20
C00100	Propanoyl-CoA	4	13
C00101	Tetrahydrofolate	18	14
C15556	L-3,4-Dihydroxybutan-2-one_4-phosphate	2	2
C00108	Anthranilate	19	2
C00109	2-Oxobutanoate	16	12
C04702	UDPMurAc(oyl-L-Ala-D-gamma-Glu-L-Lys-D-Ala-D-Ala)	2	2
C15980	(S)-2-Methylbutanoyl-CoA	1	3
C05764	Hexadecanoyl-[acp]	3	3
C05766	Uroporphyrinogen_I	0	1
C05761	Tetradecanoyl-[acp]	3	3
C05760	trans-Tetradec-2-enoyl-[acp]	3	3
C05763	trans-Hexadec-2-enoyl-[acp]	3	3
C03175	Shikimate_3-phosphate	4	4
C06892	2-Deoxy-5-keto-D-gluconic_acid	4	2
C06893	2-Deoxy-5-keto-D-gluconic_acid_6-phosphate	2	1
C00361	dGDP	1	3
C05768	Coproporphyrinogen_I	1	0
C00170	5'-Methylthioadenosine	3	2
C00006	NADP+	2	1
C02992	L-Threonyl-tRNA(Thr)	1	0
C00179	Agmatine	0	4
C00178	Thymine	1	1
C00447	Sedoheptulose_1,7-bisphosphate	3	1
C03090	5-Phosphoribosylamine	2	5
C07086	Phenylacetic_acid	0	2
C01077	O-Acetyl-L-homoserine	0	4
C20082	Pseudaminic_acid	1	0
C11434	2-C-Methyl-D-erythritol_4-phosphate	2	4
C11435	4-(Cytidine_5'-diphospho)-2-C-methyl-D-erythritol	3	3
C11436	2-Phospho-4-(cytidine_5'-diphospho)-2-C-methyl-D-erythritol	3	3
C00857	Deamino-NAD+	2	3
C11432	1-Phenanthrol	0	2
C11433	1-Methoxyphenanthrene	2	0
C01179	3-(4-Hydroxyphenyl)pyruvate	18	5
C04823	1-(5'-Phosphoribosyl)-5-amino-4-(N-succinocarboxamide)-imidazole	3	3
C04432	tRNA_containing_6-isopentenyladenosine	3	0
C01170	UDP-N-acetyl-D-mannosamine	1	1
C04411	(2R,3S)-3-Isopropylmalate	6	10
C01172	beta-D-Glucose_6-phosphate	12	3
C01177	Inositol_1-phosphate	0	2
C00169	Carbamoyl_phosphate	10	8
C18796	(2R)-2-Hydroxy-2-methylbutanenitrile	2	0
C08334	Lotaustralin	0	2
C03557	2-Aminoethylphosphonate	0	3
C03410	N-Glycoloyl-neuraminate	0	2
C00449	N6-(L-1,3-Dicarboxypropyl)-L-lysine	2	3
C03892	Phosphatidylglycerophosphate	2	0
C02412	Glycyl-tRNA(Gly)	1	0
C00680	meso-2,6-Diaminoheptanedioate	7	8
C00683	(S)-Methylmalonyl-CoA	8	6
C04287	3D-(3,5/4)-Trihydroxycyclohexane-1,2-dione	3	3
C02553	L-Seryl-tRNA(Ser)	1	0
C00688	dTDP-4-dehydro-6-deoxy-beta-L-mannose	6	2
C05378	beta-D-Fructose_1,6-bisphosphate	12	12
C05379	Oxalosuccinate	6	4
C20238	(2R)-Ethylmalonyl-CoA	2	0
C20239	6-Carboxy-5,6,7,8-tetrahydropterin	2	0
C00512	S-Benzoate_coenzyme_A	3	0
C00514	D-Mannonate	1	3
C16220	3-Hydroxyoctadecanoyl-[acp]	3	3
C00921	Dihydropteroate	4	2
C05465	Taurochenodeoxycholate	0	1
C04297	CDP-4-dehydro-3,6-dideoxy-D-glucose	2	2
C04294	5-(2-Hydroxyethyl)-4-methylthiazole	1	2
C01674	Chitobiose	0	2
C00458	dCTP	2	18
C04895	7,8-Dihydroneopterin_3'-triphosphate	2	4
C04896	5-(5-Phospho-D-ribosylaminoformimino)-1-(5-phosphoribosyl)-imidazole-4-carboxamide	8	4
C13638	1-(4'-Hydroxyphenyl)ethanol	0	2
C04349	(4S)-4,6-Dihydroxy-2,5-dioxohexanoate	2	0
C00455	Nicotinamide_D-ribonucleotide	1	3
C19725	UDP-2,3-diacetamido-2,3-dideoxy-alpha-D-glucuronate	1	1
C00333	D-Galacturonate	0	2
C00332	Acetoacetyl-CoA	14	7
C00337	(S)-Dihydroorotate	1	3
C04688	(3R)-3-Hydroxytetradecanoyl-[acyl-carrier_protein]	3	3
C04122	D-1-Aminopropan-2-ol_O-phosphate	0	1
C00350	Phosphatidylethanolamine	1	1
C00636	D-Mannose_1-phosphate	1	3
C00630	2-Methylpropanoyl-CoA	0	3
C00631	2-Phospho-D-glycerate	4	27
C00632	3-Hydroxyanthranilate	0	1
C04046	3-D-Glucosyl-1,2-diacylglycerol	0	2
C01594	Linamarin	0	2
C01219	CDP-4-dehydro-6-deoxy-D-glucose	4	2
C00208	Maltose	1	1
C05749	Hexanoyl-[acp]	3	3
C00204	2-Dehydro-3-deoxy-D-gluconate	4	5
C01213	(R)-Methylmalonyl-CoA	6	1
C01212	UDP-N-acetylmuramoyl-L-alanine	2	4
C00203	UDP-N-acetyl-D-galactosamine	1	2
C00025	L-Glutamate	15	32
C00024	Acetyl-CoA	33	76
C00148	L-Proline	4	7
C00026	2-Oxoglutarate	14	14
C00021	S-Adenosyl-L-homocysteine	2	5
C00020	AMP	5	10
C00022	Pyruvate	83	63
C00143	5,10-Methylenetetrahydrofolate	7	14
C00140	N-Acetyl-D-glucosamine	2	1
C00141	3-Methyl-2-oxobutanoic_acid	14	11
C00029	UDP-glucose	2	15
C00147	Adenine	8	4
C00144	GMP	11	6
C01079	Protoporphyrinogen_IX	3	0
C05729	R-S-Cysteinylglycine	0	2
C04631	UDP-N-acetyl-3-(1-carboxyvinyl)-D-glucosamine	2	7
C03232	3-Phosphonooxypyruvate	10	2
C02737	Phosphatidylserine	3	2
C00312	L-Xylulose	0	1
C02739	1-(5-Phospho-D-ribosyl)-ATP	4	8
C00647	Pyridoxamine_phosphate	1	1
C05726	S-Substituted_L-cysteine	2	0
C00700	XTP	0	1
C00705	dCDP	1	1
C06250	Holo-[carboxylase]	3	0
C02631	2-Isopropylmaleate	10	2
C02637	3-Dehydroshikimate	10	2
C03194	(R)-1-Aminopropan-2-ol	0	1
C02988	L-Histidyl-tRNA(His)	1	0
C04419	Carboxybiotin-carboxyl-carrier_protein	0	1
C01528	Hydrogen_selenide	1	0
C00750	Spermine	3	1
C04752	2-Methyl-4-amino-5-hydroxymethylpyrimidine_diphosphate	2	2
C04751	1-(5-Phospho-D-ribosyl)-5-amino-4-imidazolecarboxylate	3	3
C01134	Pantetheine_4'-phosphate	4	2
C01137	S-Adenosylmethioninamine	4	4
C01131	L-Rhamnulose_1-phosphate	1	1
C06037	Digalactosyl-diacylglycerol	0	2
C05651	5-Hydroxykynurenine	1	0
C03511	L-Phenylalanyl-tRNA(Phe)	2	0
C06032	D-erythro-3-Methylmalate	9	6
C01100	L-Histidinol_phosphate	2	6
C05659	5-Methoxytryptamine	1	0
C04462	N-Succinyl-2-L-amino-6-oxoheptanedioate	2	2
C02741	Phosphoribosyl-AMP	4	8
C03125	L-Cysteinyl-tRNA(Cys)	1	0
C03127	L-Isoleucyl-tRNA(Ile)	1	0
C03692	1,2-Diacyl-3-beta-D-galactosyl-sn-glycerol	2	0
C03691	CMP-N-glycoloylneuraminate	2	0
C20373	3-Hydroxyglutaryl-[acp]_methyl_ester	2	2
C20372	3-Ketoglutaryl-[acp]_methyl_ester	2	2
C20377	3-Hydroxypimeloyl-[acp]_methyl_ester	2	1
C20376	3-Ketopimeloyl-[acp]_methyl_ester	2	2
C20375	Glutaryl-[acp]_methyl_ester	0	2
C20374	Enoylglutaryl-[acp]_methyl_ester	2	0
C05596	p-Hydroxyphenylacetylglycine	1	0
C20378	Enoylpimeloyl-[acp]_methyl_ester	1	0
C05980	Cardiolipin	4	0
C05401	3-beta-D-Galactosyl-sn-glycerol	0	2
C04257	N-Acetyl-D-mannosamine_6-phosphate	2	2
C00966	2-Dehydropantoate	3	0
C04916	N-(5'-Phospho-D-1'-ribulosylformimino)-5-amino-1-(5''-phospho-D-ribosyl)-4-imidazolecarboxamide	4	8
C00415	Dihydrofolate	9	6
C00416	Phosphatidate	2	4
C00417	cis-Aconitate	8	6
C01005	O-Phospho-L-serine	2	10
C03460	2-Methylprop-2-enoyl-CoA	3	0
C17949	N-Acetyldemethylphosphinothricin	2	0
C04851	MurAc(oyl-L-Ala-D-gamma-Glu-L-Lys-D-Ala-D-Ala)-diphospho-undecaprenol	2	2
C03345	2-Methylbut-2-enoyl-CoA	3	1
C01279	4-Amino-5-hydroxymethyl-2-methylpyrimidine	3	2
C03862	Dolichyl_phosphate_D-mannose	1	1
C01798	D-Glucoside	0	2
C19972	2,4-Bis(acetamido)-2,4,6-trideoxy-beta-L-altropyranose	0	1
C10700	4'-Hydroxyacetophenone	2	0
C00620	alpha-D-Ribose_1-phosphate	0	4
C04006	1D-myo-Inositol_3-phosphate	0	5
C00627	Pyridoxine_phosphate	2	0
C02686	Galactosylceramide	3	0
C03263	Coproporphyrinogen_III	3	3
C00243	Lactose	0	4
C00242	Guanine	8	6
C00245	Taurine	2	0
C00246	Butanoic_acid	1	1
C18172	Carboxyspermidine	0	1
C00624	N-Acetyl-L-glutamate	5	5
C18174	Carboxynorspermidine	0	1
C02442	N-Methyltyramine	0	1
C00568	4-Aminobenzoate	0	4
C01487	D-Allose	0	2
C01099	L-Fuculose_1-phosphate	0	1
C01097	D-Tagatose_6-phosphate	0	8
C00561	Mandelonitrile	4	0
C01094	D-Fructose_1-phosphate	2	3
C01721	L-Fuculose	1	0
C01092	8-Amino-7-oxononanoate	0	2
C00068	Thiamin_diphosphate	3	11
C00342	Thioredoxin	3	3
C00343	Thioredoxin_disulfide	2	2
C00344	Phosphatidylglycerol	0	4
C00345	6-Phospho-D-gluconate	10	0
C05684	Selenite	0	1
C00061	FMN	3	1
C05688	L-Selenocysteine	0	2
C00062	L-Arginine	4	1
C00065	L-Serine	16	26
C00064	L-Glutamine	12	16
C00066	tRNA	0	1
C16633	5-Fluorouridine	1	1
C04677	1-(5'-Phosphoribosyl)-5-amino-4-imidazolecarboxamide	5	4
C16635	5'-Deoxy-5-fluorocytidine	0	1
C16634	5-Fluorouridine_monophosphate	1	0
C19673	Malonyl-[acp]_methyl_ester	0	2
C00084	Acetaldehyde	4	3
C05923	2,5-Diaminopyrimidine_nucleoside_triphosphate	2	2
C05922	Formamidopyrimidine_nucleoside_triphosphate	2	2
C05921	Biotinyl-5'-AMP	2	2
C06215	Levan	1	1
C03227	3-Hydroxy-L-kynurenine	0	1
C00748	Siroheme	4	2
C16737	5-Deoxy_glucuronic_acid	3	3
C04079	N-((R)-Pantothenoyl)-L-cysteine	0	2
C02226	2-Methylmaleate	12	8
C01267	3-(Imidazol-4-yl)-2-oxopropyl_phosphate	5	3
C01268	5-Amino-6-(5'-phosphoribosylamino)uracil	2	2
C01269	5-O-(1-Carboxyvinyl)-3-phosphoshikimate	4	4
C00663	beta-D-Glucose_1-phosphate	0	1
C02163	L-Arginyl-tRNA(Arg)	1	0
C00988	2-Phosphoglycolate	0	3
C00114	Choline	1	0
C00117	D-Ribose_5-phosphate	14	14
C00116	Glycerol	4	2
C00111	Glycerone_phosphate	34	8
C00110	Dolichyl_phosphate	1	1
C02380	6-Mercaptopurine	0	1
C00112	CDP	2	1
C00119	5-Phospho-alpha-D-ribose_1-diphosphate	14	7
C00118	D-Glyceraldehyde_3-phosphate	22	38
C03492	D-4'-Phosphopantothenate	4	4
C05772	Precorrin_3A	2	0
C06441	L-Xylulose_1-phosphate	1	1
C00681	1-Acyl-sn-glycerol_3-phosphate	7	2
C14145	(3S)-3-Hydroxyadipyl-CoA	0	4
C03287	L-Glutamyl_5-phosphate	4	2
C02067	Pseudouridine	0	1
C05755	Decanoyl-[acp]	3	3
C03167	Phosphonoacetaldehyde	7	0
C02474	Arabinan	0	2
C05758	trans-Dodec-2-enoyl-[acp]	3	3
C05759	3-Oxotetradecanoyl-[acp]	3	3
C00249	Hexadecanoic_acid	0	3
C00236	3-Phospho-D-glyceroyl_phosphate	12	2
C00188	L-Threonine	4	11
C00189	Ethanolamine	1	0
C02702	L-Prolyl-tRNA(Pro)	1	0
C02700	L-Formylkynurenine	1	2
C00185	Cellobiose	2	4
C00183	L-Valine	5	7
C03794	N6-(1,2-Dicarboxyethyl)-AMP	3	3
C19891	D-chiro-Inositol	0	2
C00159	D-Mannose	3	0
C04216	all-trans-Heptaprenyl_diphosphate	2	0
C02839	L-Tyrosyl-tRNA(Tyr)	1	0
C06548	Ethylene_oxide	0	2
C04352	(R)-4'-Phosphopantothenoyl-L-cysteine	6	2
C01165	L-Glutamate_5-semialdehyde	2	1
C13952	UDP-N-acetyl-D-galactosaminuronic_acid	1	0
C14765	13-OxoODE	1	0
C00842	dTDP-glucose	4	5
C05271	trans-Hex-2-enoyl-CoA	2	1
C01168	Pseudouridine_5'-phosphate	2	0
C00459	dTTP	0	16
C05270	Hexanoyl-CoA	1	2
C06142	1-Butanol	2	0
C02291	L-Cystathionine	5	5
C06148	2,5-Diamino-6-(5'-triphosphoryl-3',4'-trihydroxy-2'-oxopentyl)-amino-4-oxopyrimidine	2	2
C05750	3-Oxooctanoyl-[acp]	4	2
C05823	3-Mercaptolactate	1	0
C03546	myo-Inositol_4-phosphate	0	3
C02554	L-Valyl-tRNA(Val)	1	0
C06715	3-Oxopimeloyl-CoA	0	2
C14519	1-Hydroxypyrene	0	2
C11437	1-Deoxy-D-xylulose_5-phosphate	5	2
C05751	trans-Oct-2-enoyl-[acp]	3	3
C01118	O-Succinyl-L-homoserine	5	9
C01290	beta-D-Galactosyl-(1->4)-beta-D-glucosyl-(1<->1)-ceramide	0	2
C00931	Porphobilinogen	3	3
C01096	Sorbitol_6-phosphate	0	1
C04327	4-Methyl-5-(2-phosphoethyl)-thiazole	3	2
C18239	Precursor_Z	4	0
C00446	alpha-D-Galactose_1-phosphate	3	5
C00445	5,10-Methenyltetrahydrofolate	8	6
C01762	Xanthosine	6	6
C12632	Luteolin_7-O-[beta-D-glucuronosyl-(1->2)-beta-D-glucuronide]	1	0
C00441	L-Aspartate_4-semialdehyde	18	9
C00440	5-Methyltetrahydrofolate	6	3
C04281	L-1-Pyrroline-3-hydroxy-5-carboxylate	2	2
C00168	Hydroxypyruvate	10	7
C00526	Deoxyuridine	1	7
C00527	Glutaryl-CoA	2	0
C05752	Octanoyl-[acp]	3	3
C00522	(R)-Pantoate	0	3
C00448	trans,trans-Farnesyl_diphosphate	2	8
C04882	UDP-N-acetylmuramoyl-L-alanyl-D-glutamyl-6-carboxy-L-lysyl-D-alanyl-D-alanine	2	1
C16615	6-Methylthiopurine_5'-monophosphate_ribonucleotide	1	0
C16221	(2E)-Octadecenoyl-[acp]	3	3
C01190	beta-D-Glucosyl-(1<->1)-ceramide	3	1
C00009	Orthophosphate	1	0
C01909	Dethiobiotin	2	2
C00186	(S)-Lactate	1	4
C00341	Geranyl_diphosphate	3	3
C03150	Nicotinamide-beta-riboside	2	2
C05753	3-Oxodecanoyl-[acp]	4	2
C04133	N-Acetyl-L-glutamate_5-phosphate	6	4
C04618	(3R)-3-Hydroxybutanoyl-[acyl-carrier_protein]	1	5
C03838	5'-Phosphoribosylglycinamide	3	3
C05400	Epimelibiose	0	2
C03722	Quinolinate	2	2
C05402	Melibiose	3	2
C05404	D-Gal_alpha_1->6D-Gal_alpha_1->6D-Glucose	1	2
C03939	Acetyl-[acyl-carrier_protein]	2	7
C00623	sn-Glycerol_1-phosphate	2	0
C04039	2,3-Dihydroxy-3-methylbutanoate	1	1
C11355	4-Amino-4-deoxychorismate	1	0
C05335	L-Selenomethionine	1	1
C01222	GDP-4-dehydro-6-deoxy-D-mannose	4	2
C12739	5'-Deoxy-5-fluorouridine	1	0
C00780	Serotonin	0	1
C05754	trans-Dec-2-enoyl-[acp]	3	3
C01228	Guanosine_3',5'-bis(diphosphate)	1	0
C11811	1-Hydroxy-2-methyl-2-butenyl_4-diphosphate	3	10
C00239	dCMP	2	4
C04582	S-Methyl-5-thio-D-ribulose_1-phosphate	2	0
C00231	D-Xylulose_5-phosphate	26	3
C01345	dITP	0	1
C00233	4-Methyl-2-oxopentanoate	7	2
C00234	10-Formyltetrahydrofolate	9	8
C00235	Dimethylallyl_diphosphate	5	5
C01613	Stachyose	0	3
C00237	CO	2	1
C00010	CoA	3	1
C05984	2-Hydroxybutanoic_acid	0	1
C00014	Ammonia	11	7
C00015	UDP	3	2
C00016	FAD	1	1
C00018	Pyridoxal_phosphate	4	0
C00019	S-Adenosyl-L-methionine	4	5
C00153	Nicotinamide	2	0
C00152	L-Asparagine	4	9
C00155	L-Homocysteine	12	8
C00154	Palmitoyl-CoA	3	0
C06399	Hydrogenobyrinate	0	2
C00039	DNA	56	8
C19745	UDP-2,3-diacetamido-2,3-dideoxy-alpha-D-mannuronate	1	0
C05399	Melibiitol	0	2
C00424	(S)-Lactaldehyde	2	0
C02336	beta-D-Fructose	5	2
C05756	3-Oxododecanoyl-[acp]	3	3
C06241	N-Acetylneuraminate_9-phosphate	1	2
C00058	Formate	2	9
C02218	Dehydroalanine	1	0
C04620	(3R)-3-Hydroxyoctanoyl-[acyl-carrier_protein]	2	4
C00655	Xanthosine_5'-phosphate	8	12
C00300	Creatine	1	0
C00301	ADP-ribose	0	1
C00718	Amylose	6	3
C11453	2-C-Methyl-D-erythritol_2,4-cyclodiphosphate	2	4
C02232	3-Oxoadipyl-CoA	4	0
C05757	(R)-3-Hydroxydodecanoyl-[acp]	3	3
C00760	Cellulose	1	6
C04442	2-Dehydro-3-deoxy-6-phospho-D-gluconate	4	4
C01127	4-Hydroxy-2-oxoglutarate	0	1
C01068	D-Ribitol_5-phosphate	0	2
C06188	Salicin_6-phosphate	0	1
C06022	UDP-3-O-(3-hydroxytetradecanoyl)-D-glucosamine	1	1
C03506	Indoleglycerol_phosphate	4	24
C05143	Dhurrin	0	2
C06187	Arbutin_6-phosphate	0	1
C18902	Methylselenic_acid	0	1
C00330	Deoxyguanosine	3	6
C03114	Dimethylbenzimidazole	0	2
C16698	N-Acetylmuramic_acid_6-phosphate	1	0
C04088	Octadecanoyl-[acyl-carrier_protein]	3	0
C06755	Chloroacetic_acid	0	4
C18260	1,6-Dimethoxypyrene	2	0
C00979	O-Acetyl-L-serine	5	9
C00181	D-Xylose	3	0
C00877	Crotonoyl-CoA	10	9
C16273	3-Hydroxy-5-oxohexanoyl-CoA	0	2
C04246	But-2-enoyl-[acyl-carrier_protein]	3	3
C03512	L-Tryptophanyl-tRNA(Trp)	1	0
C01019	6-Deoxy-L-galactose	1	3
C04242	5-Fluorodeoxyuridine_monophosphate	1	0
C03375	Norspermidine	1	0
C00714	Pectin	0	3
C03373	Aminoimidazole_ribotide	3	2
C01157	Hydroxyproline	2	2
C04778	N1-(5-Phospho-alpha-D-ribosyl)-5,6-dimethylbenzimidazole	2	0
C01152	N(pi)-Methyl-L-histidine	1	0
C01151	D-Ribose_1,5-bisphosphate	1	0
C06056	4-Hydroxy-L-threonine	1	0
C06505	Cob(I)yrinate_a,c_diamide	0	2
C06054	2-Oxo-3-hydroxy-4-phosphobutanoate	1	1
C06055	O-Phospho-4-hydroxy-L-threonine	2	3
C03479	Folinic_acid	0	2
C06507	Adenosyl_cobyrinate_hexaamide	0	4
C06113	L-Aspartyl-tRNA(Asn)	4	0
C06112	L-Glutamyl-tRNA(Gln)	6	0
C04121	CMP-3-deoxy-D-manno-octulosonate	1	1
C09332	Tetrahydrofolyl-[Glu](2)	1	0
C03871	L-2-Amino-6-oxoheptanedioate	2	2
C00504	Folate	4	8
C00582	Phenylacetyl-CoA	2	0
C00583	Propane-1,2-diol	0	3
C03972	2,3,4,5-Tetrahydrodipicolinate	11	3
C04478	3-Deoxy-D-manno-octulosonate_8-phosphate	1	1
C03974	2-Acyl-sn-glycerol_3-phosphate	1	0
C00577	D-Glyceraldehyde	1	0
C01302	1-(2-Carboxyphenylamino)-1-deoxy-D-ribulose_5-phosphate	4	4
C00575	3',5'-Cyclic_AMP	1	0
C01300	2-Amino-4-hydroxy-6-hydroxymethyl-7,8-dihydropteridine	2	4
C00279	D-Erythrose_4-phosphate	17	7
C01304	2,5-Diamino-6-(5-phospho-D-ribosylamino)pyrimidin-4(3H)-one	2	2
C01801	Deoxyribose	0	1
C00905	D-Fructuronate	2	2
C00270	N-Acetylneuraminate	1	4
C00900	2-Acetolactate	4	1
C00479	Propanal	4	3
C03561	(R)-3-Hydroxybutanoyl-CoA	0	3
C00475	Cytidine	12	12
C12215	Iminoerythrose_4-phosphate	2	0
C12214	Aminofructose_6-phosphate	0	2
C00470	Pectate	3	0
C00294	Inosine	6	4
C00295	Orotate	2	2
C06504	Cob(II)yrinate_a,c_diamide	2	0
C05697	Selenate	0	2
C05699	L-Selenocystathionine	2	1
C05698	Selenohomocysteine	1	1
C00354	D-Fructose_1,6-bisphosphate	3	8
C00353	Geranylgeranyl_diphosphate	3	0
C00352	D-Glucosamine_6-phosphate	5	3
C00299	Uridine	13	13
C04666	D-erythro-1-(Imidazol-4-yl)glycerol_3-phosphate	9	3
C00158	Citrate	10	11
C00666	LL-2,6-Diaminoheptanedioate	6	7
C06156	alpha-D-Glucosamine_1-phosphate	1	1
C05898	Undecaprenyl-diphospho-N-acetylmuramoyl-(N-acetylglucosamine)-L-alanyl-D-glutamyl-meso-2,6-diaminopimeloyl-D-alanyl-D-alanine	1	1
C11736	5-Fluorodeoxyuridine	0	1
C05893	Undecaprenyl-diphospho-N-acetylmuramoyl-(N-acetylglucosamine)-L-alanyl-gamma-D-glutamyl-L-lysyl-D-alanyl-D-alanine	2	0
C05892	UDP-N-acetylmuramoyl-L-alanyl-gamma-D-glutamyl-L-lysine	0	2
C05897	Undecaprenyl-diphospho-N-acetylmuramoyl-L-alanyl-D-glutamyl-meso-2,6-diaminopimeloyl-D-alanyl-D-alanine	1	1
C06206	Benzoyl_phosphate	0	2
C06503	Hydrogenobyrinate_a,c_diamide	2	0
C00357	N-Acetyl-D-glucosamine_6-phosphate	3	2
C11638	3-Amino-2-oxopropyl_phosphate	1	1
C00993	D-Alanyl-D-alanine	3	2
C02527	Butanoylphosphate	2	2
C05382	Sedoheptulose_7-phosphate	2	15
C00120	Biotin	1	3
C00121	D-Ribose	0	1
C00122	Fumarate	21	1
C00123	L-Leucine	2	6
C00124	D-Galactose	21	3
C00128	CMP-N-acetylneuraminate	3	0
C00129	Isopentenyl_diphosphate	8	7
C17556	di-trans,poly-cis-Undecaprenyl_phosphate	1	2
C04501	N-Acetyl-alpha-D-glucosamine_1-phosphate	1	2
C00288	HCO3-	0	2
C05653	Formylanthranilate	0	1
C01921	Glycocholate	0	2
C05748	trans-Hex-2-enoyl-[acp]	3	3
C05747	(R)-3-Hydroxyhexanoyl-[acp]	3	3
C05746	3-Oxohexanoyl-[acp]	3	3
C05745	Butyryl-[acp]	3	3
C05744	Acetoacetyl-[acp]	8	1
C16156	Undecaprenyl_phosphate_alpha-L-Ara4FN	2	0
C16154	UDP-L-Ara4FN	0	2
C04619	(3R)-3-Hydroxydecanoyl-[acyl-carrier_protein]	2	4
C00054	Adenosine_3',5'-bisphosphate	1	0
C00055	CMP	10	12
C00199	D-Ribulose_5-phosphate	11	10
C00052	UDP-alpha-D-galactose	10	2
C00053	3'-Phosphoadenylyl_sulfate	4	7
C00195	N-Acylsphingosine	1	1
C02659	Acetone_cyanohydrin	2	0
C00197	3-Phospho-D-glycerate	26	16
C00191	D-Glucuronate	4	1
C00059	Sulfate	2	8
C04556	4-Amino-2-methyl-5-phosphomethylpyrimidine	2	2
C00011	CO2	10	13
C04573	UDP-N-acetyl-2-amino-2-deoxy-D-glucuronate	1	0
C01051	Uroporphyrinogen_III	3	9
C01050	UDP-N-acetylmuramate	7	2
C04574	di-trans,poly-cis-Undecaprenyl_diphosphate	3	1
C00206	dADP	3	1
C00254	Prephenate	8	10
C02714	N-Acetylputrescine	2	0
C18261	1-Hydroxy-6-methoxypyrene	0	2
C04807	2-Amino-7,8-dihydro-4-hydroxy-6-(diphosphooxymethyl)pteridine	2	2
C03028	Thiamin_triphosphate	2	0
C03539	S-Ribosyl-L-homocysteine	3	2
C00721	Dextrin	1	1
C06010	(S)-2-Acetolactate	8	8
C00831	Pantetheine	0	2
C00378	Thiamine	1	2
C05269	3-Oxohexanoyl-CoA	4	0
